Ticker,Revenue,Operating_Margin,Net_Margin,ROE,Total_Debt,Total_Cash,EBITDA,Interest_Expense
MMM,24824999936,0.24367,0.137,0.72920996,13178999808.0,5187999744.0,6160999936.0,1191000000.0
AOS,3830099968,0.18631001,0.13851,0.28209,222500000.0,172800000.0,784300032.0,6700000.0
ABT,43842998272,0.19395,0.3188,0.3062,12974999552.0,7733000192.0,11747000320.0,559000000.0
ABBV,59643998208,0.35497,0.04004,1.37961,68849000448.0,5671000064.0,29518999552.0,2808000000.0
ACN,69672976384,0.1522,0.11021,0.25509,8182865920.0,11484674048.0,12222531584.0,228555000.0
ADBE,23181000704,0.36289,0.30012,0.52875,6655000064.0,5944999936.0,9059999744.0,169000000.0
AMD,32027000832,0.13736,0.10323,0.05317,3870000128.0,7242999808.0,6054000128.0,92000000.0
AES,12094000128,0.20501,0.0874,0.05106,31894999040.0,1758000000.0,3206000128.0,1485000000.0
AFL,17700999168,0.4327,0.23552,0.1558,14344999936.0,9130000384.0,5358000128.0,197000000.0
A,6787999744,0.23188,0.17973,0.19881001,3593999872.0,1535000064.0,1838000000.0,96000000.0
APD,12037300224,0.25226998,-0.03277,-0.01923,18314399744.0,1856000000.0,4408200192.0,
ABNB,11943000064,0.39683,0.2203,0.30776,2278000128.0,11683999744.0,2760999936.0,
AKAM,4133201920,0.15743,0.12262999,0.10642,5231072256.0,1118739968.0,1173728000.0,27117000.0
ALB,4946415104,-0.02244,-0.00428,0.00209,3764165888.0,1931757952.0,696873984.0,165619000.0
ARE,3058394880,0.19073,-0.13436,-0.01084,13955526656.0,579473984.0,1958758016.0,185838000.0
ALGN,3982621952,0.15673,0.095010005,0.095769994,121271000.0,1004588992.0,810888000.0,
ALLE,3979699968,0.21856001,0.16092,0.36411,2259699968.0,302700000.0,961600000.0,102000000.0
LNT,4273999872,0.28843,0.19139,0.11461,11921000448.0,753000000.0,1864999936.0,449000000.0
ALL,66845999104,0.24439,0.12533,0.34469002,8089999872.0,9674000384.0,10065000448.0,400000000.0
GOOGL,385476001792,0.30512,0.32233003,0.3545,44195000320.0,98496004096.0,145174003712.0,268000000.0
GOOG,385476001792,0.30512,0.32233003,0.3545,44195000320.0,98496004096.0,145174003712.0,268000000.0
MO,20166000640,0.62826,0.4398,,25700999168.0,3472000000.0,12608000000.0,1124000000.0
AMZN,691330023424,0.11057,0.11063,0.24327,160437993472.0,94196998144.0,139696996352.0,2406000000.0
AMCR,17400999936,0.0933,0.03345,0.07467,15797999616.0,825000000.0,2472999936.0,396000000.0
AEE,8634999808,0.34,0.1634,0.11387,20103999488.0,9000000.0,3544999936.0,663000000.0
AEP,21257000960,0.25885,0.17228001,0.12923001,47890001920.0,1293100032.0,8757300224.0,1862800000.0
AXP,65294000128,0.22052999,0.16143999,0.33935001,60060000256.0,53553000448.0,,8252000000.0
AIG,27120001024,0.15235,0.120170005,0.07688,9242999808.0,11002999808.0,8314999808.0,462000000.0
AMT,10454700032,0.45477,0.28106,0.28839,45011197952.0,1950700032.0,6728300032.0,1404500000.0
AWK,5070000128,0.42591,0.21933001,0.10457,15377000448.0,245000000.0,2760999936.0,523000000.0
AMP,18513000448,0.37298,0.19586,0.59589,3500000000.0,9731999744.0,,329000000.0
AME,7164270080,0.25787002,0.20502001,0.14632,2746409984.0,439236992.0,2267057920.0,112962000.0
AMGN,35970998272,0.34153,0.19474001,0.8171,54586998784.0,9445000192.0,16481000448.0,3155000000.0
APH,20973500416,0.27481002,0.18218,0.34807998,8067100160.0,3888100096.0,6062700032.0,217000000.0
ADI,10386794496,0.28551,0.18847999,0.05652,8706007040.0,3469286912.0,4646811136.0,322227000.0
AON,17027999744,0.20365,0.15962,0.3769,17617999872.0,1166000000.0,5432000000.0,788000000.0
APA,9376000000,0.27281,0.16093999,0.27427998,4591000064.0,475000000.0,5831000064.0,373000000.0
APO,27217000448,0.29920998,0.15777001,0.16549,37646999552.0,35970998272.0,,339000000.0
AAPL,416161005568,0.31647,0.26915002,1.7142199,112377004032.0,54697000960.0,144748003328.0,
AMAT,28367998976,0.27838,0.24669,0.35508,6554999808.0,8573000192.0,8904999936.0,
APTV,20152000512,0.114350006,0.01464,0.03294,8169999872.0,1640000000.0,3207000064.0,337000000.0
ACGL,19542999040,0.30691,0.20959,0.17811,2728000000.0,3475000064.0,5011999744.0,141000000.0
ADM,83211001856,0.01949,0.01429,0.05242,9207000064.0,1235000064.0,2519000064.0,706000000.0
ANET,8448346112,0.42378,0.3973,0.31736,0.0,10106200064.0,3671173888.0,
AJG,12078600192,0.17212,0.13257,0.090670004,13704800256.0,1400800000.0,3440999936.0,381300000.0
AIZ,12568699904,0.11153,0.06753,0.15413,2206400000.0,2058300032.0,1410700032.0,107000000.0
T,124479995904,0.2158,0.17870001,0.19139999,160167002112.0,20352000000.0,44331999232.0,6759000000.0
ATO,4702754816,0.30696,0.2549,0.09323,9303505920.0,202687008.0,2322277888.0,171678000.0
ADSK,6605000192,0.25865,0.15791,0.402,2734000128.0,2236000000.0,1648999936.0,
ADP,20903399424,0.25891,0.19788,0.70572996,9874100224.0,7696699904.0,6093100032.0,455900000.0
AZO,18938716160,0.19159001,0.13191,,12577215488.0,290464000.0,4223354880.0,486796000.0
AVB,3065607936,0.2928,0.38122,0.09754,8897918976.0,123313000.0,1868945024.0,226589000.0
AVY,8769999872,0.12687999,0.07932,0.30211002,3781100032.0,581699968.0,1436099968.0,117000000.0
AXON,2557957120,-0.00229,0.100509994,0.10028,2099134976.0,2444836096.0,71199000.0,7098000.0
BKR,27711000576,0.13524,0.104329996,0.1689,6056000000.0,2692999936.0,4697999872.0,198000000.0
BALL,12693999616,0.11542,0.05357,0.117469996,7546999808.0,570000000.0,1976000000.0,293000000.0
BAC,101445001216,0.35292998,0.29224002,0.09871,763981987840.0,775117012992.0,,90547000000.0
BAX,11022999552,0.10123,-0.030940002,-0.04658,9712000000.0,1726000000.0,2074000000.0,408000000.0
BDX,21839998976,0.14958,0.07683,0.06544,19181000704.0,649000000.0,5634999808.0,
BRK-B,372127989760,0.41103,0.18129,0.1017,127243001856.0,381673013248.0,103864000512.0,5200000000.0
BBY,41598001152,0.03867,0.0187,0.26722,4076000000.0,1619000064.0,2575000064.0,51000000.0
TECH,1216732032,0.1451,0.06409,0.038,394472992.0,144962000.0,318480992.0,8509000.0
BIIB,10065899520,0.30718002,0.1598,0.09307,6590099968.0,3960399872.0,3409299968.0,250300000.0
BLK,22884999168,0.3214,0.26638,0.120740004,15043000320.0,12597999616.0,9027000320.0,538000000.0
BX,12791218176,0.44629002,0.2117,0.26457,14086088704.0,2554532096.0,,443688000.0
XYZ,23973765120,0.06871,0.13081001,0.14692001,8101347840.0,8784812032.0,1669601024.0,
BK,19733999616,0.37402,0.26568002,0.121520005,76399001600.0,176476995584.0,,21295000000.0
BA,80756998144,-0.204,-0.12197,,55702999040.0,22275000320.0,-6153999872.0,2725000000.0
BKNG,26038999040,0.44904998,0.19371,,17757999104.0,16508999680.0,9818999808.0,1295000000.0
BSX,19349000192,0.20731,0.1443,0.12488,12044999680.0,1275000064.0,5071000064.0,305000000.0
BMY,48034000896,0.31566,0.12572,0.33777002,51041001472.0,16501999616.0,19217000448.0,1947000000.0
AVGO,59925999616,0.31765,0.31592,0.27083,40456998912.0,11105000448.0,32746000384.0,3953000000.0
BR,7055600128,0.118719995,0.13112001,0.38215,3480000000.0,291500000.0,1743699968.0,135800000.0
BRO,5350000128,0.24129,0.18691999,0.10695,8032999936.0,1190000000.0,1768000000.0,201000000.0
BF-B,3948000000,0.27165002,0.21378,0.22649,2700999936.0,471000000.0,1212999936.0,122000000.0
BLDR,15653056512,0.05805,0.03795,0.13555999,5081157120.0,296161984.0,1601420032.0,207724000.0
BG,60109000704,0.02194,0.02201,0.09758,17777999872.0,3163000064.0,2084000000.0,471000000.0
BXP,3425025024,0.28563,-0.058509998,-0.01883,17356404736.0,861265024.0,1903377024.0,645117000.0
CHRW,16504784896,0.05578,0.03636,0.34318,1502418048.0,136836992.0,871163008.0,89937000.0
CDNS,5212625920,0.35089,0.20354,0.21736,2479141888.0,2930040064.0,1882690944.0,75999000.0
CZR,11368999936,0.17881,-0.0212,-0.04259,25734000640.0,836000000.0,3467000064.0,2377000000.0
CPT,1578428032,0.15994,0.1705,0.059310004,3741827072.0,25931000.0,892785984.0,129815000.0
CPB,10252999680,0.13098,0.058709998,0.15636,7212000256.0,132000000.0,1890000000.0,345000000.0
COF,28885999616,0.38719,0.04899,0.01615,54504001536.0,56923000832.0,,14826000000.0
CAH,234309992448,0.01205,0.00681,,9031999488.0,4592999936.0,3544000000.0,215000000.0
KMX,28279818240,0.021440001,0.01843,0.084180005,19335686144.0,540374016.0,1127292032.0,871141000.0
CCL,26229999616,0.27867,0.10069,0.25733998,27860000768.0,1763000064.0,6976999936.0,1755000000.0
CARR,22058000384,0.09554,0.18052,0.0998,12339999744.0,1423000064.0,3649999872.0,580000000.0
CAT,64670998528,0.17746,0.14339,0.46283,41534001152.0,6632999936.0,13957999616.0,512000000.0
CBOE,4617800192,0.32846,0.21287,0.21621001,1594700032.0,1530899968.0,1496999936.0,51500000.0
CBRE,39324999680,0.04923,0.031229999,0.14091,9676000256.0,1668999936.0,2648999936.0,
CDW,22099099648,0.07774,0.04757,0.43007,6088600064.0,452900000.0,1955900032.0,214500000.0
COR,321332805632,0.011390001,0.00484,1.23751,7660772864.0,4356137984.0,4797896192.0,
CNC,167680000000,0.0054699997,-0.03155,-0.2186,17582999552.0,19236999168.0,3902000128.0,702000000.0
CNP,9114000384,0.2495,0.11367,0.09606,22303000576.0,638000000.0,3432000000.0,838000000.0
CF,6736000000,0.34117,0.20472,0.21967,3396000000.0,1838000000.0,3036999936.0,139000000.0
CRL,4023704064,0.15772,-0.020450002,-0.021879999,2631273984.0,207096992.0,886190976.0,126288000.0
SCHW,22914000896,0.49242002,0.35930002,0.17046,49280000000.0,83681001472.0,,6393000000.0
CHTR,55098998784,0.23858999,0.092939995,0.31327,97530003456.0,464000000.0,22094000128.0,5229000000.0
CVX,188687007744,0.098529994,0.06767,0.07316,41543999488.0,7727000064.0,37682999296.0,594000000.0
CMG,11787400192,0.16134001,0.13036,0.44958,4980116992.0,1421273984.0,2340452096.0,
CB,58842001408,0.25623,0.16442,0.1364,24088999936.0,6621000192.0,12673000448.0,741000000.0
CHD,6141000192,0.16057,0.12742,0.18594,2400999936.0,305300000.0,1330200064.0,95000000.0
CI,268077006848,0.04,0.02293,0.15538,34040000512.0,6908000256.0,11649999872.0,1435000000.0
CINF,12078000128,0.38272,0.17569,0.14529,883000000.0,1608999936.0,2812999936.0,53000000.0
CTAS,10556716032,0.22731,0.17538,0.42187,2675266048.0,138143008.0,2778882048.0,101108000.0
CSCO,57696002048,0.23638001,0.17902,0.22418,28088999936.0,15736000512.0,15671000064.0,1593000000.0
C,75383996416,0.30606002,0.19488001,0.06995,778541989888.0,962339012608.0,,89618000000.0
CFG,7442999808,0.32026002,0.22894,0.067140006,11393000448.0,13064999936.0,,4553000000.0
CLX,6770999808,0.08328,0.11682,4.43646,3078000128.0,166000000.0,1224999936.0,88000000.0
CME,6385200128,0.63386,0.58946997,0.13346,3769499904.0,2569999872.0,4494099968.0,160900000.0
CMS,8295000064,0.26174998,0.12622,0.11233,18072999936.0,362000000.0,2992000000.0,708000000.0
KO,47663001600,0.32373002,0.2734,0.42442,48161001472.0,15781000192.0,16307000320.0,1656000000.0
CTSH,20856999936,0.15993,0.10203,0.14501001,1170000000.0,2353999872.0,3777999872.0,54000000.0
COIN,7370428928,0.25254,0.43664002,0.26005,7780648960.0,9769669632.0,2399290112.0,80645000.0
CL,20096999424,0.2023,0.1447,2.93635,8418999808.0,1472000000.0,4812000256.0,292000000.0
CMCSA,123310997504,0.17735,0.18333,0.24186,99062996992.0,9324999680.0,38034001920.0,4134000000.0
CAG,11450500096,0.11688,0.07424,0.096540004,8279799808.0,698099968.0,1967299968.0,419200000.0
COP,61280002048,0.19543,0.14445,0.15421,23481999360.0,6256000000.0,25422000128.0,1108000000.0
ED,16593000448,0.25342,0.122700006,0.08839,26674999296.0,181000000.0,5948000256.0,1187000000.0
STZ,9624000512,0.36413,0.12705,0.15912,10544900096.0,72000000.0,3622599936.0,411400000.0
CEG,24841000960,0.16332,0.11026,0.19839,9036999680.0,3959000064.0,5948000256.0,506000000.0
COO,4045700096,0.16570999,0.1008,0.050100002,2478299904.0,124900000.0,1113100032.0,114300000.0
CPRT,4646958080,0.36672002,0.33408,0.18481001,103739000.0,4789069824.0,1955513984.0,
GLW,14915000320,0.14561,0.09159,0.12739,9185000448.0,1648000000.0,3392000000.0,329000000.0
CPAY,4314608128,0.44617,0.24365999,0.29097,8285751808.0,2021708032.0,2255620096.0,383043000.0
CTVA,17468999680,-0.10313,0.09187999,0.06705,4373000192.0,2585999872.0,3759000064.0,233000000.0
CSGP,3056499968,-0.061300002,0.00664,0.00252,1132000000.0,1935299968.0,157800000.0,
COST,275235012608,0.03878,0.02943,0.30686,9934999552.0,15283999744.0,12808999936.0,154000000.0
CTRA,6665999872,0.28043,0.24691999,0.118549995,4116999936.0,98000000.0,4407000064.0,118000000.0
CRWD,4341102080,-0.06381,-0.06841,-0.089209996,810528000.0,4972435968.0,-91371000.0,26311000.0
CCI,6419999744,0.49254,-0.71931,-2.06679,29575000064.0,57000000.0,3875000064.0,900000000.0
CSX,14122999808,0.35071,0.20548001,0.22589001,19811000320.0,618000000.0,6537999872.0,832000000.0
CMI,33581000704,0.12132,0.079450004,0.22767,8245000192.0,3159000064.0,5238000128.0,370000000.0
CVS,391689994240,0.022650002,0.0011999999,0.0057800002,81751998464.0,11232000000.0,14753000448.0,2958000000.0
DHR,24267999232,0.2075,0.14435,0.06843,18155999232.0,1528000000.0,7629000192.0,278000000.0
DRI,12364399616,0.09879,0.08898,0.50411,8050599936.0,211000000.0,1953600000.0,178500000.0
DDOG,3211691008,-0.00656,0.033239998,0.03519,1279316992.0,4140338944.0,6225000.0,7068000.0
DVA,13317964800,0.14832,0.05796,0.61618,12778330112.0,736483968.0,2668084992.0,470469000.0
DAY,1893299968,-0.25831,-0.07912,-0.05706,1226899968.0,627600000.0,111500000.0,40600000.0
DECK,5244322816,0.2282,0.19364001,0.43312,350672000.0,1414478976.0,1312071040.0,3517000.0
DE,44250001408,0.15094,0.11767,0.21399,67396001792.0,7225999872.0,8454000128.0,3348000000.0
DELL,101450997760,0.0664,0.04768,,29518000128.0,8144999936.0,10138999808.0,1414000000.0
DAL,62919999488,0.0992,0.07357,0.28514,22077999104.0,3791000064.0,8022000128.0,747000000.0
DVN,16554000384,0.24194999,0.16424999,0.18586999,8638000128.0,1228999936.0,7670000128.0,401000000.0
DXCM,4515899904,0.20053,0.15958999,0.30635,2575600128.0,3322099968.0,1022099968.0,19000000.0
FANG,14625999872,0.36628,0.28689,0.10901,16273000448.0,159000000.0,10597999616.0,288000000.0
DLR,5841035776,0.13333,0.23959999,0.05825,19803467776.0,3319920896.0,2662960896.0,452836000.0
DG,41651642368,0.0555,0.0286,0.15597999,17067933696.0,1284567040.0,3026481920.0,274320000.0
DLTR,18551099392,0.04879,-0.15799,0.20055,7342700032.0,666300032.0,2121900032.0,107500000.0
D,15813000192,0.34504002,0.16790001,0.09204,48958001152.0,971000000.0,7664999936.0,1887000000.0
DPZ,4848167936,0.18064,0.12159,,5299667968.0,295352000.0,989062016.0,195870000.0
DASH,12634999808,0.08009,0.0683,0.100430004,3256999936.0,4243000064.0,1021000000.0,
DOV,7923358208,0.1869,0.28370002,0.15883,3071008000.0,1552803968.0,1765272064.0,131171000.0
DOW,40912998400,0.01905,-0.02769,-0.05287,19625000960.0,5148000256.0,3505999872.0,811000000.0
DHI,34250399744,0.124680005,0.10468,0.14321,5965499904.0,2740900096.0,4614400000.0,
DTE,14821999616,0.18968001,0.093439996,0.11658,25295998976.0,34000000.0,3593999872.0,951000000.0
DUK,31235999744,0.27125,0.15972,0.09905,89646997504.0,688000000.0,15952000000.0,3384000000.0
DD,12842999808,0.17773001,-0.060110003,0.03217,9260000256.0,1955000064.0,3280000000.0,366000000.0
EMN,9024000000,0.09673,0.07746,0.12116,5214000128.0,489000000.0,1691000064.0,216000000.0
ETN,26633000960,0.19777,0.14741,0.20653,11267000320.0,565000000.0,6115999744.0,130000000.0
EBAY,10714000384,0.21418,0.20366,0.42430001,7133000192.0,3377999872.0,2739000064.0,259000000.0
ECL,15890400256,0.14715,0.12489,0.21869,7000000000.0,1402400000.0,3809100032.0,340300000.0
EIX,18087999488,0.32557,0.16315001,0.15765001,39437000704.0,364000000.0,7310000128.0,1869000000.0
EW,5883800064,0.27371,0.23249,0.13492,700300032.0,3841999872.0,1788400000.0,19800000.0
EA,7288000000,0.10875,0.121429995,0.13201,2199000064.0,1260000000.0,1567000064.0,58000000.0
ELV,194819997696,0.034649998,0.028399998,0.12569,32102000640.0,36216000512.0,8924000256.0,1185000000.0
EMR,18016000000,0.20721,0.12728,0.09363,13758999552.0,1544000000.0,5040000000.0,387000000.0
ENPH,1512376960,0.16433,0.12932,0.20305,1233623040.0,1477923968.0,281383008.0,8905000.0
ETR,12730047488,0.30055,0.1421,0.11188,30448152576.0,1516968960.0,5664671744.0,1150820000.0
EOG,22653999104,0.33223,0.24410999,0.18476999,8127000064.0,3529999872.0,11760000000.0,138000000.0
EPAM,5297859072,0.10682,0.070149995,0.10207,155216992.0,1239136000.0,695675008.0,
EQT,7708868096,0.34897,0.23097,0.08488,8217822208.0,235736000.0,5210795008.0,454825000.0
EFX,5943300096,0.19950001,0.1108,0.13066,4813100032.0,189000000.0,1856600064.0,229100000.0
EQIX,9075999744,0.21851999,0.118,0.077,20981999616.0,2076999936.0,3900000000.0,457000000.0
EQR,3078827008,0.28955,0.37583,0.10444,8740600832.0,93092000.0,1877712000.0,285735000.0
ERIE,4040325120,0.20115,0.16038,0.30444,54325000.0,600384000.0,814471232.0,0.0
ESS,1916711040,0.33777002,0.44167,0.15987,6714335232.0,67759000.0,1233804032.0,235529000.0
EL,14446000128,0.072680004,-0.064380005,-0.20727,9422000128.0,2219000064.0,2072000000.0,357000000.0
EG,17677000704,0.07728,0.031229999,0.03595,3588000000.0,5429000192.0,,149000000.0
EVRG,5878799872,0.36201,0.1445,0.08454,14718600192.0,27500000.0,2709499904.0,563100000.0
ES,13148535808,0.20278,0.102189995,0.0861,29836003328.0,259340000.0,4557479936.0,1111336000.0
EXC,24316999680,0.22177,0.116009995,0.10308,49928998912.0,1532999936.0,8031000064.0,1914000000.0
EXE,10778999808,0.29054,0.08043,0.061189998,5072999936.0,613000000.0,4529999872.0,130000000.0
EXPE,14369999872,0.25566998,0.096590005,0.53886,6489999872.0,6169999872.0,2179000064.0,246000000.0
EXPD,11167760384,0.0995,0.07571,0.36505002,560360000.0,1190167040.0,1160615040.0,
EXR,3421972992,0.46325,0.27735,0.06786,13663115264.0,117258000.0,2260354048.0,595074000.0
XOM,326244990976,0.11057,0.091809995,0.11424,42035998720.0,13813999616.0,61694001152.0,996000000.0
FFIV,3088071936,0.27146998,0.22421,0.20602,230748992.0,1344273024.0,884609024.0,
FDS,2321747968,0.29707,0.25715,0.29132,1558509056.0,355096000.0,905993984.0,56324000.0
FICO,1990868992,0.48099998,0.32747,,3091699968.0,134136000.0,950723968.0,133647000.0
FAST,7997599744,0.20696,0.15336001,0.32742,517300000.0,288100000.0,1795299968.0,7300000.0
FRT,1257395968,0.34465,0.27586,0.10516,4809176064.0,114133000.0,798544000.0,175476000.0
FDX,88590999552,0.0764,0.046529997,0.15004,,,11120000000.0,789000000.0
FIS,10464000000,0.2385,0.0146200005,0.011829999,13068000256.0,571000000.0,3124999936.0,351000000.0
FITB,8125000192,0.39780998,0.29674,0.115109995,20992000000.0,6003999744.0,,4796000000.0
FSLR,5050625024,0.29225,0.27728,0.16864,891915008.0,2039920000.0,2018718976.0,38870000.0
FE,14282999808,0.21263,0.09312,0.11192001,27470000128.0,1404000000.0,4477000192.0,1011000000.0
FI,21159999488,0.25385,0.17046,0.1354,30318999552.0,1068000000.0,9194000384.0,1238000000.0
F,189587996672,0.03146,0.024820002,0.10295,164381999104.0,32671000576.0,9708000256.0,1136000000.0
FTNT,6554699776,0.31648,0.28584,2.28043,1088800000.0,3123399936.0,2170700032.0,20000000.0
FTV,6260299776,0.15539,0.09621,0.103649996,3401900032.0,430800000.0,1680899968.0,152800000.0
FOXA,16474000384,0.26323998,0.12353,0.17272,7452000256.0,4368000000.0,3561999872.0,403000000.0
FOX,16474000384,0.26323998,0.12353,0.17272,7452000256.0,4368000000.0,3561999872.0,403000000.0
BEN,8770700288,0.17558001,0.05985,0.03818,3362599936.0,3088100096.0,1701299968.0,94900000.0
FCX,26001999872,0.28055,0.07969,0.14538999,9297999872.0,4318000128.0,9562000384.0,319000000.0
GRMN,6943124992,0.25795,0.22625999,0.19655001,198571008.0,2539630080.0,1967053056.0,
IT,6459774976,0.15773,0.1371,1.0925701,2850041088.0,1430729984.0,1313932032.0,131046000.0
GE,43949998080,0.20598,0.18344,0.42131,21920999424.0,13109000192.0,11264000000.0,986000000.0
GEHC,20245999616,0.14213,0.10945,0.24450001,10744000512.0,4004999936.0,3625999872.0,505000000.0
GEV,37669998592,0.05738,0.045229997,0.16723,1080000000.0,7544999936.0,2935000064.0,
GEN,4472999936,0.36475,0.12743,0.25027,8771000320.0,691000000.0,1944000000.0,578000000.0
GNRC,4352443904,0.0925,0.06921,0.11969,1487428992.0,300008992.0,684027008.0,89713000.0
GD,51508998144,0.10459,0.081829995,0.17782,9875999744.0,2520000000.0,6240000000.0,393000000.0
GIS,19156000768,0.15602,0.15241,0.30866,14407000064.0,952899968.0,3759699968.0,548800000.0
GM,187435008000,0.056739997,0.01625,0.04442,133683003392.0,21902000128.0,15704999936.0,846000000.0
GPC,24060899328,0.0643,0.0336,0.16994,6398441984.0,431359008.0,1930909056.0,96827000.0
GILD,29087000576,0.45231,0.27882,0.40706003,24941000704.0,8489999872.0,14136000512.0,977000000.0
GPN,10076184576,0.3184,0.17365,0.07233,16260109312.0,2603046912.0,4384649216.0,633986000.0
GL,5940974080,0.34092999,0.19363001,0.22277,3141361920.0,365540000.0,1621281024.0,127092000.0
GDDY,4869799936,0.23884001,0.17013,3.69454,3871399936.0,983000000.0,1218400000.0,158300000.0
GS,57336999936,0.37203997,0.29073998,0.13532,731217985536.0,1010356977664.0,,73341000000.0
HAL,22136999936,0.12857,0.05913,0.12788,8567000064.0,2026000000.0,4195000064.0,450000000.0
HIG,27917000704,0.18916,0.12745,0.20069,4368000000.0,4369999872.0,4866999808.0,199000000.0
HAS,4357000192,0.24584,-0.12814,-0.62839,3346299904.0,620600000.0,1048899968.0,171200000.0
HCA,74371997696,0.15474,0.0853,,46349000704.0,1091000064.0,15100999680.0,2061000000.0
DOC,2801097984,0.18601999,-0.01359,-0.00115,9442980864.0,98780000.0,1512803968.0,280430000.0
HSIC,12938000384,0.0614,0.03022,0.08347999,3440999936.0,136000000.0,1011000000.0,131000000.0
HSY,11489094656,0.13542,0.118360005,0.31013,5740420096.0,1163016960.0,2450479104.0,174317000.0
HPE,33074999296,0.05495,0.03773,0.05356,23725000704.0,3904999936.0,4755999744.0,117000000.0
HLT,4870000128,0.60327,0.34188998,,12350999552.0,1057000000.0,2737999872.0,569000000.0
HOLX,4100499968,0.25479,0.13796,0.11116,2507899904.0,2202700032.0,1291900032.0,
HD,165054005248,0.14478,0.08863,1.9395399,61920002048.0,2804000000.0,25603000320.0,2321000000.0
HON,40669999104,0.18505,0.1507,0.34616002,38215000064.0,13358999552.0,9777999872.0,1058000000.0
HRL,12058590208,0.08015,0.06257,0.09442,2856904960.0,630668992.0,1291505024.0,80894000.0
HST,5950000128,0.073520005,0.12403,0.109239995,5642999808.0,539000000.0,1603000064.0,215000000.0
HWM,7975000064,0.25658,0.18181999,0.30064,3352000000.0,663000000.0,2244999936.0,182000000.0
HPQ,54711001088,0.06008,0.048249997,,10775000064.0,2871000064.0,4602999808.0,607000000.0
HUBB,5686199808,0.22591,0.15123,0.24991,2149700096.0,680899968.0,1350400000.0,73800000.0
HUM,126362001408,0.02043,0.01022,0.07159,12949000192.0,22123999232.0,3860999936.0,660000000.0
HBAN,7502000128,0.38561,0.29619,0.10434,17927000064.0,13523999744.0,,4576000000.0
HII,12012000256,0.06172,0.04737,0.12387,2926000128.0,312000000.0,1062000000.0,95000000.0
IBM,65401999360,0.1717,0.120900005,0.30156,66568998912.0,14855000064.0,17767000064.0,1712000000.0
IEX,3421299968,0.21418,0.13974,0.12197,1929699968.0,593800000.0,917200000.0,44500000.0
IDXX,4167410944,0.32106,0.24654,0.64633006,1112962944.0,208166000.0,1437280000.0,31205000.0
ITW,15882999808,0.27667,0.19052,0.91683,8942000128.0,924000000.0,4592999936.0,283000000.0
INCY,4813105152,0.31633,0.24695,0.30389,41267000.0,2929819904.0,1324280064.0,2280000.0
IR,7458299904,0.20476,0.07309,0.05382,4852299776.0,1192800000.0,1970899968.0,213200000.0
PODD,2521799936,0.16664,0.097629994,0.19679001,1075600000.0,757400000.0,510900000.0,42700000.0
INTC,53439000576,0.06284,0.0037099998,0.0018600001,46553001984.0,30934999040.0,10437000192.0,1034000000.0
ICE,9749999616,0.49067003,0.32431,0.114930004,19509000192.0,850000000.0,6071000064.0,910000000.0
IFF,11072000000,0.091309994,-0.042630002,-0.03232,6689999872.0,621000000.0,1748749952.0,305000000.0
IP,24334000128,-0.03375,-0.05256,-0.042779997,10645999616.0,995000000.0,2016000000.0,430000000.0
IPG,8739500032,0.16834,0.06245,0.14948,4144900096.0,1531200000.0,1713500032.0,229900000.0
INTU,18830999552,0.15697,0.20546,0.20285,,,5591000064.0,247000000.0
ISRG,9612000256,0.30326,0.28577998,0.16902,0.0,4908800000.0,3411899904.0,
IVZ,6278099968,0.16514,0.16691,0.06904,1624600064.0,973100032.0,1257500032.0,58000000.0
INVH,2689620992,0.27131,0.21805,0.06,8280316928.0,171612992.0,1478686976.0,366070000.0
IQV,15904000000,0.13976,0.08067001,0.19374001,15239999488.0,1972000000.0,2926000128.0,670000000.0
IRM,6639848960,0.20792,0.02398,,18803380224.0,195452992.0,2233931008.0,736231000.0
JBHT,12048818176,0.07948,0.04753,0.15126,1897753984.0,52290000.0,1566736000.0,79020000.0
JBL,29802000384,0.05841,0.022049999,0.40381,3732000000.0,1960000000.0,2120000000.0,147000000.0
JKHY,2419044096,0.28549,0.19865,0.2345,68886000.0,36239000.0,658918976.0,10438000.0
J,11835288576,0.08728,0.04161,0.084230006,3004278016.0,1293307008.0,1246553984.0,169058000.0
JNJ,92148998144,0.30200002,0.27259,0.33619,45795000320.0,18562000896.0,31921999872.0,755000000.0
JCI,23595999232,0.10416,0.13947,0.11374,11189999616.0,379000000.0,3521999872.0,227000000.0
JPM,167228997632,0.43708,0.347,0.16437,1148076032000.0,1411027042304.0,,101350000000.0
K,12670000128,0.15031,0.10079,0.32112,6232000000.0,246000000.0,2291000064.0,311000000.0
KVUE,15006000128,0.19288,0.0955,0.13469,9109000192.0,1139000064.0,3540999936.0,431000000.0
KDP,16174000128,0.23107,0.09781,0.06291,18630000640.0,516000000.0,4298999808.0,735000000.0
KEY,5934000128,0.33839,0.18115999,0.058179997,12903000064.0,3140000000.0,,4662000000.0
KEYS,5242999808,0.18121,0.103760004,0.09982,2764000000.0,2636000000.0,1192999936.0,84000000.0
KMB,19723999232,0.16699,0.09983,1.3688201,7341000192.0,617000000.0,3910000128.0,270000000.0
KIM,2123057024,0.34331,0.28243,0.056700002,8355115008.0,159339008.0,1299628032.0,307806000.0
KMI,16416000000,0.25639,0.16612,0.08884,32718000128.0,76000000.0,6861000192.0,
KKR,22245685248,0.30958,0.10564,0.07672,56062472192.0,46111473664.0,,3305914000.0
KLAC,12524316672,0.41661,0.33828998,0.99167997,6088118784.0,4683591168.0,5626762240.0,302166000.0
KHC,25163999232,0.17637,-0.1735,-0.09693,21191999488.0,3134000128.0,6006000128.0,912000000.0
KR,147000000512,0.028900001,0.018550001,0.25049,25177999360.0,4882999808.0,8025999872.0,450000000.0
LHX,21739999232,0.12882,0.08091,0.091309994,11841999872.0,339000000.0,4076999936.0,675000000.0
LH,13765300224,0.11314999,0.062129997,0.10135999,6583300096.0,598099968.0,1963500032.0,208300000.0
LRCX,19591788544,0.34354,0.29657,0.62261003,4483942912.0,6693045760.0,6859485184.0,178203000.0
LW,6456500224,0.11378,0.04555,0.16219,3991600128.0,98600000.0,1239800064.0,180000000.0
LVS,12263999488,0.23627001,0.12687999,0.65651,15822999552.0,3352999936.0,4255000064.0,727000000.0
LDOS,17332000768,0.11971,0.08106,0.2929,5229000192.0,974000000.0,2335000064.0,193000000.0
LEN,34766213120,0.07971,0.07721,0.10774,5663205888.0,7458576896.0,3651228928.0,
LII,5345299968,0.21340999,0.15741,0.92253995,1370099968.0,59200000.0,1160700032.0,44100000.0
LLY,59419799552,0.48294,0.30986,0.9647,42577600512.0,9913499648.0,28728600576.0,780600000.0
LIN,33504000000,0.2794,0.21170999,0.17979999,25924999168.0,4509000192.0,13150000128.0,487000000.0
LYV,24569493504,0.09149,0.03659,0.5636,9388700672.0,6750547968.0,2180762880.0,325974000.0
LKQ,14097000448,0.08231,0.049439996,0.10882,5504999936.0,289000000.0,1640000000.0,262000000.0
LMT,73348997120,0.11693,0.05726,0.62776,22189000704.0,3470000128.0,7256999936.0,1036000000.0
L,18265999360,0.16677,0.07949,0.08182,9443000320.0,6430000128.0,2912000000.0,441000000.0
LOW,83612000256,0.14479,0.08202,,39089999872.0,5256000000.0,12490999808.0,1472000000.0
LULU,10904036352,0.20743,0.16377,0.42422,1762717952.0,1155794048.0,2976704000.0,
LYB,37778001920,0.06044,-0.03198,-0.10584,13331999744.0,1808999936.0,2500999936.0,481000000.0
MTB,9080000512,0.43886003,0.3054,0.09628,15466999808.0,19049000960.0,,4174000000.0
MPC,133580996608,0.049689997,0.02158,0.18887,34203000832.0,2654000128.0,8293000192.0,1308000000.0
MKTX,839262976,0.40982,0.26157,0.15823,66872000.0,573801984.0,425404000.0,1601000.0
MAR,6873999872,0.65933996,0.37984002,,16885999616.0,678000000.0,4600000000.0,695000000.0
MMC,26453000192,0.19240999,0.15601,0.28734,21425999872.0,2511000064.0,7729999872.0,700000000.0
MLM,6903000064,0.27898002,0.16688,0.12523,5903000064.0,57000000.0,2326000128.0,169000000.0
MAS,7597000192,0.15806,0.10885999,5.6387095,3172999936.0,559000000.0,1447000064.0,99000000.0
MA,31473999872,0.598,0.45275003,1.8486099,18983000064.0,10648000512.0,19612000256.0,646000000.0
MTCH,3469367040,0.30826,0.16202,,4137155072.0,1056801024.0,1053318016.0,160071000.0
MKC,6787899904,0.17091,0.11462,0.1385,4358300160.0,94900000.0,1292400000.0,209400000.0
MCD,26264000512,0.46905997,0.3204,,55837999104.0,2412999936.0,14291999744.0,1506000000.0
MCK,387093987328,0.013739999,0.01042,,9955000320.0,4004000000.0,6506999808.0,265000000.0
MDT,34200000512,0.18687001,0.13626,0.09741,28608999424.0,8120999936.0,9445999616.0,729000000.0
MRK,64234999808,0.40802,0.29632,0.39485002,41373999104.0,18214000640.0,31523000320.0,1271000000.0
META,189458006016,0.40075,0.30892,0.32643002,51059998720.0,44447997952.0,98399002624.0,715000000.0
MET,71932002304,0.0701,0.053400002,0.12798001,47872999424.0,29180000256.0,5681999872.0,1037000000.0
MTD,3941790976,0.28497,0.21202,,2241932032.0,69065000.0,1199320064.0,74631000.0
MGM,17278978048,0.051620003,0.00403,0.10293,31520937984.0,2342436096.0,2313121024.0,443230000.0
MCHP,4212400128,0.08347999,-0.04394,-0.02854,5412700160.0,236800000.0,872800000.0,251400000.0
MU,37377998848,0.32638,0.22845,0.17198999,15352000512.0,10307000320.0,18090000384.0,477000000.0
MSFT,293812011008,0.48873,0.35707,0.32241002,120375001088.0,102012002304.0,166436995072.0,2385000000.0
MAA,2203401984,0.27229,0.25233,0.09408,5222152192.0,32249000.0,1238232064.0,168544000.0
MRNA,2232000000,-0.25591,-1.39606,-0.29317,734000000.0,4504000000.0,-3255000064.0,24000000.0
MHK,10722899968,0.06664,0.03927,0.051999997,2338099968.0,516200000.0,1321299968.0,48500000.0
MOH,42842001408,0.01249,0.020610001,0.19708,3852000000.0,8447000064.0,1456999936.0,118000000.0
TAP,11214000128,0.16489,-0.18638,-0.17295,6509799936.0,1021000000.0,2411200000.0,282700000.0
MDLZ,37645000704,0.10837,0.0938,0.13101,21933000704.0,1367000064.0,5616999936.0,508000000.0
MPWR,2660968960,0.26477,0.7122,0.64029,18854000.0,1269484032.0,740320000.0,
MNST,7975330816,0.30738002,0.21654,0.25538,60323000.0,2579330048.0,2487678976.0,
MCO,7501000192,0.46886003,0.29916,0.54914004,7456999936.0,2259000064.0,3579000064.0,339000000.0
MS,68531998720,0.38872,0.23606001,0.15135,467027984384.0,570777010176.0,,45524000000.0
MOS,11894599680,0.11958,0.10334,0.101169996,4803999744.0,153300000.0,2287200000.0,230000000.0
MSI,11313000448,0.26554,0.18704,1.1517,9936000000.0,894000000.0,3344999936.0,295000000.0
MSCI,3055439872,0.56425,0.40032002,,5647193088.0,396432992.0,1770738944.0,185500000.0
NDAQ,8168000000,0.31614,0.19895001,0.14054,9607999488.0,480000000.0,3007000064.0,398000000.0
NTAP,6590000128,0.19949,0.17768998,1.23004,2744999936.0,3329999872.0,1644000000.0,64000000.0
NFLX,43378786304,0.28219998,0.24047,0.42861,17083538432.0,9324392448.0,12969651200.0,718733000.0
NEM,21503000576,0.4685,0.33423,0.22875999,5650999808.0,5967000064.0,12248999936.0,375000000.0
NWSA,8499999744,0.10448,0.138,0.070250005,2927000064.0,2204000000.0,1148000000.0,
NWS,8499999744,0.10448,0.138,0.070250005,2927000064.0,2204000000.0,1148000000.0,
NEE,26296999936,0.30768,0.24729,0.08236,93122002944.0,2391000064.0,14449999872.0,2235000000.0
NKE,46440001536,0.0791,0.062340003,0.21122,11061000192.0,8575000064.0,4196999936.0,
NI,6327099904,0.22873,0.14155,0.09073,15803599872.0,95000000.0,2755500032.0,523100000.0
NDSN,2784348928,0.26538,0.16341999,0.15594,2220894976.0,147788000.0,838913984.0,88924000.0
NSC,12229999616,0.36578,0.24219,0.2048,17617000448.0,1418000000.0,5678000128.0,807000000.0
NTRS,7932899840,0.30332002,0.21761,0.13432,16655500288.0,9059399680.0,,7585200000.0
NOC,40928002048,0.13221,0.09819999,0.26152,17490999296.0,1956999936.0,6576999936.0,621000000.0
NCLH,9692558336,0.25507998,0.06846,0.39870998,15345382400.0,166800992.0,2542863872.0,747223000.0
NRG,29778999296,0.05527,0.04839,0.64186996,12117000192.0,732000000.0,3646000128.0,651000000.0
NUE,31882999808,0.10421,0.05185,0.09014,6853000192.0,2744999936.0,3976999936.0,228000000.0
NVDA,165217992704,0.60842997,0.52414,1.09417,10597999616.0,56790999040.0,98280996864.0,247000000.0
NVR,10582633472,0.17104,0.13545,0.348,1071937984.0,1932167040.0,1915858944.0,27783000.0
NXPI,12044999680,0.28238,0.17111,0.20872,12234999808.0,3953999872.0,3996000000.0,398000000.0
ORLY,17463279616,0.20742,0.14225,,8401655808.0,204512992.0,3869545984.0,222548000.0
OXY,26601000960,0.17723,0.08169,0.05955,22876000256.0,2159000064.0,12693000192.0,1175000000.0
ODFL,5574922240,0.25655,0.18967,0.25059,84993000.0,46592000.0,1751644032.0,212000.0
OMC,16065300480,0.15593,0.08307,0.27007,7066500096.0,3406500096.0,2581600000.0,245200000.0
ON,6187800064,0.18505,0.051570002,0.03891,3632800000.0,2872499968.0,1859000064.0,62300000.0
OKE,31563999232,0.18160999,0.105790004,0.17847,33727000576.0,1199000064.0,7376999936.0,1371000000.0
ORCL,59017998336,0.31381,0.21079999,0.69241995,111621996544.0,11004999680.0,24462999552.0,3578000000.0
OTIS,14309999616,0.16992001,0.09413,,8488000000.0,840000000.0,2540999936.0,
PCAR,29531500544,0.099209994,0.091120005,0.14151,15969899520.0,9068600320.0,3823399936.0,
PKG,8771800064,0.15683,0.10185,0.19811001,4356899840.0,728700032.0,1852700032.0,41400000.0
PLTR,3896163072,0.33296,0.28114,0.19504,235436000.0,6437816832.0,875796992.0,
PANW,9221499904,0.13528,0.122959994,0.17452998,417400000.0,2903200000.0,1329500032.0,1900000.0
PSKY,28726999040,0.10012,-0.00947,0.01279,14732999680.0,3263000064.0,2678000128.0,860000000.0
PH,20029999104,0.21086,0.18178,0.27294,10332999680.0,473000000.0,5207000064.0,409000000.0
PAYX,5793200128,0.36727002,0.27855,0.41266,5021599744.0,1670899968.0,2628000000.0,105400000.0
PAYC,2001299968,0.22826,0.22645001,0.28557,84500000.0,375000000.0,524500000.0,3400000.0
PYPL,32861999104,0.19198999,0.14963001,0.24358,12167000064.0,10755000320.0,6618999808.0,382000000.0
PNR,4128399872,0.23982,0.15844,0.17966999,1692999936.0,128400000.0,1080600064.0,88600000.0
PEP,92365996032,0.16903,0.078200005,0.37162,50849001472.0,8661000192.0,17016000512.0,919000000.0
PFE,62784999424,0.35277,0.15654999,0.105979994,61937999872.0,14986000384.0,24458999808.0,3091000000.0
PCG,24761999360,0.21312,0.10492,0.0876,59792998400.0,404000000.0,9537999872.0,3051000000.0
PM,39992000512,0.40747002,0.21574,,50123001856.0,4044000000.0,17959999488.0,1763000000.0
PSX,131953000448,0.04395,0.011410001,0.056199998,21755000832.0,1844999936.0,5269100032.0,947000000.0
PNW,5307180032,0.32109,0.11198,0.087749995,14246593536.0,30885000.0,2029062016.0,377472000.0
PNC,21799000064,0.39788,0.29937,0.11486,64076001280.0,12455999488.0,,12885000000.0
POOL,5294666240,0.122650005,0.07784,0.29307,1389896960.0,128483000.0,637102976.0,50250000.0
PPG,15690000384,0.1416,0.06348,0.1616,7920999936.0,1918000000.0,2636999936.0,241000000.0
PPL,8979000320,0.26619,0.12162,0.076620005,19037999104.0,1102000000.0,3420000000.0,738000000.0
PFG,15800800256,0.06856,0.099580005,0.13767,4140100096.0,6516700160.0,2175500032.0,
PG,84933001216,0.2758,0.19739,0.31902,35946000384.0,11171000320.0,24721999872.0,907000000.0
PGR,85165998080,0.15079,0.12579,0.34223998,6896000000.0,1688000000.0,14092999680.0,279000000.0
PLD,9100544000,0.42720002,0.35243,0.05963,35922907136.0,1187040000.0,6452320256.0,837296000.0
PRU,57598001152,0.09917,0.04538,0.085,51777998848.0,38292000768.0,3515000064.0,
PEG,11717999616,0.2703,0.17768,0.12579,23508000768.0,334000000.0,4433999872.0,841000000.0
PTC,2739226112,0.49787998,0.27053,0.21029,1369867008.0,184415008.0,1109648000.0,
PSA,4795182080,0.46947,0.39453998,0.19933,10042821632.0,296460000.0,3379439104.0,287401000.0
PHM,17622999040,0.17336,0.14926,0.21569,2172651008.0,1453908992.0,3504635904.0,479000.0
PWR,27191171072,0.07105,0.03744,0.13369,6018079744.0,610387008.0,2462328064.0,202687000.0
QCOM,44283998208,0.26235,0.12512,0.2334,15642999808.0,10154999808.0,13996000256.0,664000000.0
DGX,10849999872,0.14915,0.08931,0.14353,6382000128.0,435000000.0,2140999936.0,226000000.0
RL,7570599936,0.14074999,0.112840004,0.34005,2872199936.0,1645500032.0,1307900032.0,44100000.0
RJF,14028000256,0.20425,0.1522,0.17844999,4525000192.0,15301999616.0,,
RTX,85987999744,0.12399,0.07666,0.10702,40709001216.0,5966000128.0,14462000128.0,1970000000.0
O,5614793216,0.44514,0.17135,0.02488,29043648512.0,424272992.0,5052203008.0,998104000.0
REG,1576867968,0.39363,0.26093,0.0602,5160961024.0,208123008.0,995371008.0,189023000.0
REGN,14247799808,0.29563,0.32131,0.15188,2705499904.0,8443599872.0,4348000256.0,55200000.0
RF,6944999936,0.46976003,0.31044,0.11401,,,,2290000000.0
RSG,16501999616,0.19919,0.12768,0.18249,13505999872.0,84000000.0,5160000000.0,539000000.0
RMD,5257399808,0.34618,0.2735,0.25413,846352000.0,1383847936.0,1938459008.0,
RVTY,2813367040,0.13788,0.08441,0.0304,3369001984.0,931385984.0,824412032.0,96278000.0
ROK,8342000128,0.19732,0.104169995,0.20282,3647000064.0,468000000.0,1736000000.0,156000000.0
ROL,3680305920,0.22037001,0.14019,0.36208,912081984.0,127357000.0,842540992.0,27677000.0
ROP,7720999936,0.28401,0.20337,0.081549995,9454100480.0,320000000.0,3050800128.0,259200000.0
ROST,21497755648,0.115439996,0.09596,0.37979,5067982848.0,3847015936.0,3051328000.0,63387000.0
RCL,17436999680,0.33139,0.23318,0.46677,20974999552.0,432000000.0,6282999808.0,1590000000.0
SPGI,15011999744,0.44316003,0.28091,0.119940005,11982000128.0,1672000000.0,7549000192.0,297000000.0
CRM,39502000128,0.22820999,0.16868,0.11201999,11809000448.0,15372000256.0,11420000256.0,
SBAC,2789255936,0.53851,0.30724,,15028830208.0,430305984.0,1815420032.0,427439000.0
SLB,35247001600,0.15479,0.10341,0.15182,12776999936.0,3584999936.0,7680000000.0,512000000.0
STX,9557999616,0.26892,0.17922,,4993999872.0,1112000000.0,2489999872.0,321000000.0
SRE,13710999552,0.14503,0.15754,0.0677,32693000192.0,5000000.0,5543000064.0,1049000000.0
NOW,12666999808,0.16789,0.13665,0.16813,2401999872.0,5410999808.0,2497999872.0,23000000.0
SHW,23275599872,0.18197,0.110489994,0.59939,14389000192.0,241500000.0,4341499904.0,415700000.0
SPG,6155274752,0.50757,0.36498,0.82455003,26320562176.0,1552577024.0,4549946880.0,905797000.0
SWKS,4086899968,0.10235,0.116739996,0.0789,1203100032.0,1374200064.0,974700032.0,27100000.0
SJM,8714300416,0.031040002,-0.16750999,-0.21316999,8127900160.0,39300000.0,1868600064.0,388700000.0
SW,31138000896,0.07672,0.02402,0.04099,14110999552.0,851000000.0,4457999872.0,525000000.0
SNA,5115400192,0.25257,0.19827999,0.18330999,1301400064.0,1533900032.0,1394000000.0,49600000.0
SOLV,8401999872,0.07824,0.18139,0.37271,5136999936.0,1642000000.0,1259000064.0,367000000.0
SO,28913000448,0.36558998,0.15422,0.11429,73745997824.0,3340999936.0,13813000192.0,2743000000.0
LUV,27551000576,0.00504,0.0137600005,0.04168,5257999872.0,3017999872.0,1684999936.0,214000000.0
SWK,15166300160,0.09042,0.02892,0.04918,7050599936.0,268300000.0,1492400000.0,498600000.0
SBUX,37184401408,0.10976,0.04992,,26628499456.0,3467000064.0,5454499840.0,542600000.0
STT,13626000384,0.32749,0.21877001,0.111499995,54206001152.0,139566006272.0,,9054000000.0
STLD,17634670592,0.10516,0.0639,0.12550999,3782455040.0,770355968.0,1933916032.0,56347000.0
STE,5702414848,0.18372999,0.12073,0.101339996,2058599936.0,319200000.0,1553245952.0,86261000.0
SYK,24380999680,0.22272,0.12071,0.14036,17132999680.0,3343000064.0,6592000000.0,
SMCI,21052575744,0.03632,0.03766,0.12787,5165600768.0,4211079936.0,987361984.0,59573000.0
SYF,9644999680,0.53381,0.37066,0.21636999,14430999552.0,16245000192.0,,4634000000.0
SNPS,6435303936,0.095,0.31042,0.065019995,15140314112.0,2593710080.0,1311251968.0,35161000.0
SYY,82033999872,0.041750003,0.02211,0.8346,14581000192.0,847000000.0,4462000128.0,635000000.0
TMUS,85846999040,0.2223,0.13826999,0.19034,121329999872.0,3310000128.0,32562999296.0,3411000000.0
TROW,7205199872,0.35474,0.28892002,0.1867,489500000.0,3634800128.0,2803500032.0,
TTWO,6219899904,-0.054970004,-0.64265,-0.86609,3511699968.0,2115500032.0,768499968.0,169300000.0
TPR,7207799808,0.21213,0.03765,0.16053,4199300096.0,743200000.0,1643699968.0,85400000.0
TRGP,17378099200,0.2016,0.09949,0.4985,17431300096.0,124100000.0,4628199936.0,767200000.0
TGT,105640001536,0.05434,0.03718,0.26319,20401999872.0,4341000192.0,8668000256.0,411000000.0
TEL,17262000128,0.19773,0.106709994,0.14618,6377999872.0,1255000064.0,4206000128.0,77000000.0
TDY,6005400064,0.18545,0.13616,0.08127,2533400064.0,528600000.0,1449600000.0,57900000.0
TER,2859570944,0.18892,0.15495,0.15767999,268751008.0,297716992.0,638937024.0,3587000.0
TSLA,95632998400,0.06628,0.05314,0.06791,13788000256.0,41647001600.0,10768000000.0,350000000.0
TXN,17265999872,0.36736,0.29208001,0.29757,14046000128.0,5185999872.0,7815000064.0,508000000.0
TPL,772395008,0.73521006,0.61676997,0.3937,17668000.0,531808000.0,642948992.0,
TXT,14236999680,0.09495,0.05809,0.11465,4145999872.0,1446000000.0,1574000000.0,97000000.0
TMO,43735998464,0.19277,0.15022,0.13116999,35680002048.0,3545999872.0,10835000320.0,1390000000.0
TJX,57925001216,0.11249,0.08587,0.59755003,13121000448.0,4639000064.0,7655000064.0,76000000.0
TKO,2545175040,0.15632,0.08989,0.08129,4042915072.0,861409984.0,1053009024.0,249115000.0
TTD,2790504960,0.21802999,0.15717,0.16783,375976992.0,1445447040.0,619692992.0,
TSCO,15399257088,0.09215,0.07176,0.45459,5722306048.0,184639008.0,1974310016.0,54592000.0
TT,21051400192,0.20219,0.13926,0.3721,4615900160.0,1125799936.0,4206899968.0,238400000.0
TDG,8830999552,0.47764,0.23485,,30083999744.0,2811000064.0,4566000128.0,1572000000.0
TRV,48404000768,0.19687,0.121350005,0.19809,9267000320.0,7390000128.0,8375000064.0,392000000.0
TRMB,3600900096,0.18364,0.099309996,0.06131,1391800064.0,232700000.0,778000000.0,90700000.0
TFC,18279999488,0.39318,0.28605,0.07982,74205003776.0,47247998976.0,,10975000000.0
TYL,2298291968,0.16434999,0.13719,0.091680005,643448000.0,950820992.0,461080992.0,5931000.0
TSN,54441000960,-0.0049799997,0.00871,0.0276,9694999552.0,1228999936.0,2828000000.0,449000000.0
USB,26012999680,0.39486,0.27632,0.1172,81114996736.0,70327001088.0,,15377000000.0
UBER,49609998336,0.082650006,0.33542,0.72994006,13340000256.0,9086000128.0,5290999808.0,523000000.0
UDR,1742477056,0.20661,0.08595,0.03649,6013664768.0,1752000.0,1020492032.0,208048000.0
ULTA,11654554624,0.12367,0.10308,0.48521,2287826944.0,242744992.0,1861335040.0,
UNP,24546000896,0.41030997,0.2873,0.41619,32847998976.0,828000000.0,12469999616.0,1269000000.0
UAL,58368999424,0.0888,0.05643,0.25588,31321999360.0,13329000448.0,8080000000.0,1402000000.0
UPS,89483001856,0.10175,0.061490003,0.33618,29211000832.0,6832000000.0,11777000448.0,866000000.0
URI,15985999872,0.26484,0.15826,0.28781,15212000256.0,512000000.0,4506999808.0,691000000.0
UNH,435159007232,0.03813,0.04042,0.17476,80136003584.0,30613999616.0,29241999360.0,3906000000.0
UHS,16992502784,0.11605,0.08093,0.20028,5110921216.0,112895000.0,2554619904.0,182513000.0
VLO,116552998912,0.05527,0.01283,0.052389998,10581000192.0,4764000256.0,6253000192.0,556000000.0
VTR,5544046080,0.15584,0.042930003,0.021559998,12787722240.0,188616992.0,2111063040.0,602835000.0
VLTO,5452000256,0.23219,0.16746001,0.37978,2870000128.0,1775000064.0,1348000000.0,113000000.0
VRSN,1626700032,0.67836,0.49855998,,1793600000.0,617699968.0,1133299968.0,75300000.0
VRSK,3029499904,0.45529,0.30418,2.68133,4888800256.0,2108600064.0,1489699968.0,124600000.0
VZ,137491005440,0.23932,0.14428,0.19875,175255994368.0,7737999872.0,50194001920.0,6649000000.0
VRTX,11723299840,0.40268,0.31349,0.22307,1834800000.0,6287000064.0,4711799808.0,30600000.0
VTRS,14124399616,0.107609995,-0.26134002,-0.21087,14765599744.0,1157100032.0,4037299968.0,550000000.0
VICI,3969078016,0.97673,0.70175004,0.10357001,17680156672.0,507503008.0,3668513024.0,826097000.0
V,40000000000,0.6575,0.50145,0.52068,26083999744.0,18997000192.0,28028000256.0,589000000.0
VST,17191000064,0.21042,0.06701,0.1731,17538000896.0,620000000.0,5206000128.0,859000000.0
VMC,7882200064,0.23622,0.14189,0.13520999,4929900032.0,191300000.0,2332199936.0,191200000.0
WRB,14654011392,0.17723,0.13007,0.20887,3086693120.0,3474322944.0,2637189888.0,126907000.0
GWW,17749999616,0.15180999,0.09746,0.46719003,2720000000.0,535000000.0,2976999936.0,77000000.0
WAB,10785000448,0.18468,0.10941,0.11147001,5672999936.0,500000000.0,2324999936.0,201000000.0
WMT,693152972800,0.04389,0.03079,0.23375,66559000576.0,9431000064.0,42879000576.0,2728000000.0
DIS,94424997888,0.11868,0.13136,0.12203,45423001600.0,5695000064.0,19419000832.0,1812000000.0
WBD,37862998016,0.087340005,0.01281,0.00969,33521000448.0,4326000128.0,7758000128.0,2017000000.0
WM,24783998976,0.18872999,0.10345,0.29328,23362000896.0,175000000.0,7277000192.0,598000000.0
WAT,3105637888,0.27392998,0.20891,0.32987,1539230976.0,459118016.0,1067278016.0,89677000.0
WEC,9547200512,0.22163,0.17748,0.12807,21219100672.0,51100000.0,3771899904.0,815300000.0
WFC,79072002048,0.33717,0.26629,0.115200005,424136998912.0,417759002624.0,,43101000000.0
WELL,9907853312,0.19906001,0.09693,0.0275,18166784000.0,6806507008.0,3752058880.0,574261000.0
WST,3017900032,0.21849,0.16293,0.16945,303000000.0,628499968.0,801400000.0,3000000.0
WDC,10126000128,0.15403,0.25459,0.29707,,,2936000000.0,357000000.0
WY,7072000000,0.02854,0.0468,0.03419,5496000000.0,401000000.0,1020000000.0,269000000.0
WSM,7829758976,0.17861,0.14390999,0.51219004,1394247040.0,985822976.0,1687547008.0,
WMB,11582000128,0.39554,0.20462999,0.16902,27986999296.0,70000000.0,6296000000.0,1364000000.0
WTW,9806999552,0.18881,0.21576001,0.27633,5911000064.0,1924999936.0,2632000000.0,263000000.0
WDAY,8958999552,0.10604999,0.06507,0.06656,3776000000.0,8185999872.0,1107000064.0,114000000.0
WYNN,7110737920,0.16931999,0.07092,,12196312064.0,1961291008.0,1799508992.0,688410000.0
XEL,14227999744,0.26615998,0.13459,0.09449001,35561000960.0,1061000000.0,5693000192.0,1182000000.0
XYL,8894000128,0.15653,0.10659,0.08555,2088999936.0,1191000064.0,1854000000.0,44000000.0
YUM,8061000192,0.34410998,0.17951,,12483999744.0,1045000000.0,2819000064.0,489000000.0
ZBRA,5255000064,0.14621,0.09743,0.14286,2360000000.0,1053000000.0,974000000.0,
ZBH,8010899968,0.17003,0.100530006,0.06421,8237000192.0,1306099968.0,2640499968.0,218000000.0
ZTS,9397000192,0.39333,0.28211,0.49868,7289999872.0,2084000000.0,3991000064.0,225000000.0
